Song,Album,Year,Instrumental
Absolutely Curtains,Obscured by Clouds,1972,true
Alan's Psychedelic Breakfast,Atom Heart Mother,1970,true
Allons-Y (1),The Endless River,2014,true
Allons-Y (2),The Endless River,2014,true
Anisina,The Endless River,2014,true
Another Brick in the Wall Part 1,The Wall,1979,false
Another Brick in the Wall Part 2,The Wall,1979,false
Another Brick in the Wall Part 3,The Wall,1979,false
Any Colour You Like,The Dark Side of the Moon,1973,true
Apples and Oranges,Shine On box set (includes The Early Singles),1967,false
Arnold Layne,Relics,1967,false
Astronomy Domine,The Piper at the Gates of Dawn,1967,false
Atom Heart Mother,Atom Heart Mother,1970,true
Autumn '68,The Endless River,2014,true
Biding My Time,Relics,1971,false
Bike,The Piper at the Gates of Dawn,1967,false
Brain Damage,The Dark Side of the Moon,1973,false
Breathe,The Dark Side of the Moon,1973,false
Bring the Boys Back Home,The Wall,1979,false
Burning Bridges,Obscured by Clouds,1972,false
Butterfly,1965: Their First Recordings,2015,false
Calling,The Endless River,2014,true
Candy and a Currant Bun,Shine On box set (includes The Early Singles),1967,false
Careful with That Axe Eugene,Relics,1968,true
Chapter 24,The Piper at the Gates of Dawn,1967,false
Childhood's End,Obscured by Clouds,1972,false
Cirrus Minor,More,1969,false
Cluster One,The Division Bell,1994,true
Come In Number 51 Your Time Is Up,Zabriskie Point,1970,true
Comfortably Numb,The Wall,1979,false
Coming Back to Life,The Division Bell,1994,false
Corporal Clegg,A Saucerful of Secrets,1968,false
Country Song,Zabriskie Point,1970,false
Crumbling Land,Zabriskie Point,1970,false
Crying Song,More,1969,false
Cymbaline,More,1969,false
Dogs,Animals,1977,false
The Dogs of War,A Momentary Lapse of Reason,1987,false
Don't Leave Me Now,The Wall,1979,false
Double O Bo,1965: Their First Recordings,2015,false
Dramatic Theme,More,1969,true
Ebb and Flow,The Endless River,2014,true
Echoes,Meddle,1971,false
Eclipse,The Dark Side of the Moon,1973,false
Embryo,Picnic - A Breath of Fresh Air,1970,false
Empty Spaces,The Wall,1979,false
Eyes to Pearls,The Endless River,2014,true
Fat Old Sun,Atom Heart Mother,1970,false
Fearless,Meddle,1971,false
The Final Cut,The Final Cut,1983,false
Flaming,The Piper at the Gates of Dawn,1967,false
The Fletcher Memorial Home,The Final Cut,1983,false
Free Four,Obscured by Clouds,1972,false
Get Your Filthy Hands Off My Desert,The Final Cut,1983,false
Give Birth to a Smile,Music from The Body,1970,false
The Gnome,The Piper at the Gates of Dawn,1967,false
The Gold It's in the...,Obscured by Clouds,1972,false
Goodbye Blue Sky,The Wall,1979,false
Goodbye Cruel World,The Wall,1979,false
The Grand Vizier's Garden Party,Ummagumma,1969,true
Grantchester Meadows,Ummagumma,1969,false
A Great Day for Freedom,The Division Bell,1994,false
The Great Gig in the Sky,The Dark Side of the Moon,1973,false
Green Is the Colour,More,1969,false
The Gunner's Dream,The Final Cut,1983,false
The Happiest Days of Our Lives,The Wall,1979,false
The Hard Way,The Dark Side of the Moon (Immersion edition),2011,true
Have a Cigar,Wish You Were Here,1975,false
Heart Beat Pig Meat,Zabriskie Point,1970,true
The Hero's Return,The Final Cut,1983,false
Hey You,The Wall,1979,false
High Hopes,The Division Bell,1994,false
Ibiza Bar,More,1969,false
If,Atom Heart Mother,1970,false
I'm a King Bee,1965: Their First Recordings,2015,false
In the Beechwoods,The Early Years 1965-1972,2016,true
In the Flesh,The Wall,1979,false
In the Flesh?,The Wall,1979,false
Interstellar Overdrive,The Piper at the Gates of Dawn,1967,true
Is There Anybody Out There?,The Wall,1979,false
It Would Be So Nice,Shine On box set (includes The Early Singles),1968,false
It's What We Do,The Endless River,2014,true
John Latham Version 1-9,The Early Years 1965-1972,2016,true
Jugband Blues,A Saucerful of Secrets,1968,false
Julia Dream,Relics,1968,false
Keep Talking,The Division Bell,1994,false
The Last Few Bricks,Is There Anybody Out There? The Wall Live 1980-81,2000,true
Learning to Fly,A Momentary Lapse of Reason,1987,false
Let There Be More Light,A Saucerful of Secrets,1968,false
The Lost Art of Conversation,The Endless River,2014,true
Lost for Words,The Division Bell,1994,false
Louder than Words,The Endless River,2014,false
Love Scene (Version 4),Zabriskie Point (Extended 1997 Release),1997,true
Love Scene (Version 6),Zabriskie Point (Extended 1997 Release),1997,true
Lucifer Sam,The Piper at the Gates of Dawn,1967,false
Lucy Leave,1965: Their First Recordings,2015,false
Main Theme,More,1969,true
Marooned,The Division Bell,1994,true
Matilda Mother,The Piper at the Gates of Dawn,1967,false
The Merry Xmas Song,Unreleased,1969,false
Money,The Dark Side of the Moon,1973,false
More Blues,More,1969,true
Mother,The Wall,1979,false
Mudmen,Obscured by Clouds,1972,true
The Narrow Way,Ummagumma,1969,false
Nervana,The Endless River,2014,true
A New Machine (Part 1),A Momentary Lapse of Reason,1987,false
A New Machine (Part 2),A Momentary Lapse of Reason,1987,false
Nick's Boogie,Tonite Lets All Make Love in London (Extended 1990 Release),1990,true
Night Light,The Endless River,2014,true
The Nile Song,More,1969,false
Nobody Home,The Wall,1979,false
Not Now John,The Final Cut,1983,false
Obscured by Clouds,Obscured by Clouds,1972,true
On Noodle Street,The Endless River,2014,true
On the Run,The Dark Side of the Moon,1973,true
On the Turning Away,A Momentary Lapse of Reason,1987,false
One of My Turns,The Wall,1979,false
One of the Few,The Final Cut,1983,false
One of These Days,Meddle,1971,false
One Slip,A Momentary Lapse of Reason,1987,false
Outside the Wall,The Wall,1979,false
Paint Box,Relics,1967,false
Paranoid Eyes,The Final Cut,1983,false
Party Sequence,More,1969,true
Pigs (Three Different Ones),Animals,1977,false
Pigs on the Wing (Part 1),Animals,1977,false
Pigs on the Wing (Part 2),Animals,1977,false
A Pillow of Winds,Meddle,1971,false
Point Me at the Sky,Shine On box set (includes The Early Singles),1968,false
Poles Apart,The Division Bell,1994,false
The Post War Dream,The Final Cut,1983,false
Pow R. Toc H.,The Piper at the Gates of Dawn,1967,true
Quicksilver,More,1969,true
Remember a Day,A Saucerful of Secrets,1968,false
Remember Me,1965: Their First Recordings,2015,false
Roger's Boogie,The Early Years 1965-1972,2016,false
Round and Around,A Momentary Lapse of Reason,1987,true
Run Like Hell,The Wall,1979,false
San Tropez,Meddle,1971,false
A Saucerful of Secrets,A Saucerful of Secrets,1968,true
The Scarecrow,The Piper at the Gates of Dawn,1967,false
Scream Thy Last Scream,The Early Years 1965-1972,2016,false
Seamus,Meddle,1971,false
See Emily Play,Relics,1967,false
See-Saw,A Saucerful of Secrets,1968,false
Set the Controls for the Heart of the Sun,A Saucerful of Secrets,1968,false
Several Species of Small Furry Animals Gathered Together in a Cave and Grooving with a Pict,Ummagumma,1969,false
Sheep,Animals,1977,false
Shine On You Crazy Diamond (Parts I-IX),Wish You Were Here,1975,false
Skins,The Endless River,2014,true
The Show Must Go On,The Wall,1979,false
Signs of Life,A Momentary Lapse of Reason,1987,false
Song 1,The Early Years 1965-1972,2016,true
Sorrow,A Momentary Lapse of Reason,1987,false
Soundscape,Pulse (Cassette edition only),1995,true
Southampton Dock,The Final Cut,1983,false
A Spanish Piece,More,1969,false
Speak to Me,The Dark Side of the Moon,1973,true
Stay,Obscured by Clouds,1972,false
Stop,The Wall,1979,false
Sum,The Endless River,2014,true
Summer '68,Atom Heart Mother,1970,false
Surfacing,The Endless River,2014,true
Sysyphus,Ummagumma,1969,true
Take It Back,The Division Bell,1994,false
Take Up Thy Stethoscope and Walk,The Piper at the Gates of Dawn,1967,false
Talkin' Hawkin',The Endless River,2014,false
TBS9,The Endless River,2014,true
TBS14,The Endless River,2014,true
Terminal Frost,A Momentary Lapse of Reason,1987,true
The Thin Ice,The Wall,1979,false
Things Left Unsaid,The Endless River,2014,true
Time,The Dark Side of the Moon,1973,false
The Travel Sequence,The Dark Side of the Moon (Immersion edition),2011,true
The Trial,The Wall,1979,false
Two Suns in the Sunset,The Final Cut,1983,false
Unknown Song,Zabriskie Point (Extended 1997 Release),1997,true
Unsung,The Endless River,2014,true
Untitled,The Endless River,2014,true
Up the Khyber,More,1969,true
Us and Them,The Dark Side of the Moon,1973,false
Vegetable Man,The Early Years 1965-1972,2016,false
Vera,The Wall,1979,false
Waiting for the Worms,The Wall,1979,false
Walk with Me Sydney,1965: Their First Recordings,2015,false
Wearing the Inside Out,The Division Bell,1994,false
Welcome to the Machine,Wish You Were Here,1975,false
What Do You Want from Me,The Division Bell,1994,false
What Shall We Do Now?,Is There Anybody Out There? The Wall Live 1980-81,2000,false
When the Tigers Broke Free,The Final Cut (2004 re-release),1982,false
When You're In,Obscured by Clouds,1972,true
Wine Glasses,Wish You Were Here (Experience and Immersion editions),2011,true
Wish You Were Here,Wish You Were Here,1975,false
Wot's... Uh the Deal?,Obscured by Clouds,1972,false
Yet Another Movie,A Momentary Lapse of Reason,1987,false
Young Lust,The Wall,1979,false
Your Possible Pasts,The Final Cut,1983,false
